Region,Nearby,Similar
8424,"['8340', '4403', '4406', '6913', '7108', '6912', '7101', '7109', '7110', '4903', '7115']",[]
8403,"['8435', '8432', '8404', '8413', '5801', '5806', '6103', '5807', '5905', '5906', '5907']",[]
8411,"['8402', '8419', '8432', '8401', '8392', '8410', '3102', '3103', '3302', '3404', '3301', '3403', '3504', '6004']",[]
8412,"['8433', '8429', '8432', '8407', '8413', '3012', '3109', '2916']",[]
8390,"['8391', '8419', '3302', '3204', '3206', '3301', '2819']",[]
8382,"['8329', '8380', '8381', '8331', '8429', '2831', '2832', '2827', '2828', '2809', '2808']",[]
6503.01,"['9801', '6401', '6503.02', '6502', '6408', '6504', '6505', '6501', '6407']",[]
5305.03,"['5305.01', '5305.02', '8214.02', '5304']",[]
7608.03,"['7608.01', '7608.02', '7709.02', '8104', '1005']",[]
306.01,"['306.04', '301.03', '301.02', '307.06', '306.03', '307.01', '301.01', '302', '305', '308']","['101', '3906']"
306.04,"['306.01', '301.02', '307.06', '307.02', '306.03', '307.01', '307.03', '301.01', '302', '305', '308']","['107.01', '3805']"
208.01,"['402.02', '207.02', '208.02', '209.01', '207.01', '403', '401']",[]
5401.02,"['5401.01', '8388', '5305.02', '5301', '4914', '5306', '5502', '5003']",['4601']
8433,"['8412', '8386', '8373', '8374', '8370', '8429', '8431', '8407', '2718', '2827', '2828', '2916']",['2838']
5401.01,"['5401.02', '8388', '5306', '5502']","['8421', '8414', '7301']"
4402.01,"['4402.02', '4401.02', '4401.01', '4403', '6913', '6914', '6915']",[]
802.02,"['812.01', '802.01', '812.02', '8383', '811', '715', '803', '801', '810']",[]
701.02,"['633.01', '633.03', '701.01', '633.02', '714', '701.03', '634', '630', '631', '632', '713', '703', '712', '702']",[]
315.01,"['315.02', '8307', '317', '321', '311', '312', '313', '314']",[]
315.02,"['315.01', '8307', '317', '321', '312', '313', '314']",[]
8349,"['8348', '6712', '6707', '6708', '6709', '6711', '6715', '6716', '6718', '6811', '6806', '6719', '6720', '6810', '6814']",['2517']
8348,"['8349', '8347', '8346', '6709', '6701', '6805', '6806', '6809', '6810']",[]
1605.02,"['1407.02', '1605.01', '1606.02', '1406.02', '1606.01', '1408', '1608', '1609', '1604', '1607']",['1709']
1407.02,"['1605.02', '1605.01', '1403.01', '1606.02', '1407.01', '1406.02', '1403.02', '1606.01', '1408', '1604', '1402', '1401']",[]
8420,"['3515', '8395', '8392', '8396', '3406', '3404', '3405', '3403', '3504', '3514', '3501', '3511', '3510']",[]
1504.02,"['1504.01', '1505.01', '1505.02', '1507', '1503', '1506', '1702']",['5609']
8344,"['8418', '8439', '4207', '4208', '4212', '4303', '4202', '4203', '4201', '4204']","['8363', '8364', '8365', '6713', '903', '2609', '6121', '2922']"
402.01,"['402.02', '404.01', '404.02', '1408', '403', '408', '401', '406', '407', '409', '1401']",[]
402.02,"['208.01', '402.01', '404.01', '207.01', '404.02', '403', '401']",[]
207.02,"['208.01', '208.02', '203.01', '206.01', '206.02', '207.01', '202', '1301', '1303']",[]
208.02,"['208.01', '207.02', '206.01', '206.02', '209.01', '207.01', '205', '401']",[]
203.01,"['207.02', '206.01', '206.02', '203.02', '202', '1301']",[]
8387,"['8415', '8430', '2715', '8414', '2610', '2609', '2705', '2924', '2925', '2909', '2912', '2922']",[]
206.01,"['207.02', '208.02', '203.01', '206.02', '203.02', '1301']",[]
8415,"['8387', '8386', '8373', '8430', '8431', '2715', '8414', '8416', '8417', '3008', '3007', '2912', '2922']",[]
8386,"['8433', '8415', '8373', '8374', '8370', '8430', '8431', '2715', '2718', '2712', '2827', '2713', '2912']",[]
8373,"['8433', '8415', '8386', '8374', '8370', '8430', '8431', '2715', '2705', '2718', '2712', '2713', '2912', '2714']","['8438', '8417', '7110']"
206.02,"['207.02', '208.02', '203.01', '206.01', '203.02', '209.01', '204', '205']",[]
633.01,"['701.02', '633.03', '701.01', '633.02', '619.01', '701.03', '619.02', '634', '630', '631', '632', '620', '703', '702']","['6408', '816']"
8378,"['8374', '8371', '8370', '8380', '8381', '8367', '2431', '2432', '2428', '2429', '2430', '2804', '2809', '2808']",[]
8374,"['8433', '8386', '8373', '8378', '8369', '8371', '8370', '8429', '8431', '2718', '2712', '2827', '2808']",[]
8369,"['8374', '8371', '8370', '8368', '2705', '2712', '2713', '2714']",[]
203.02,"['203.01', '206.01', '206.02', '204', '205', '201', '202']",[]
209.02,"['209.01', '8306', '205', '302', '303', '304', '305', '401']",[]
107.01,"['107.02', '102.01', '8306', '204', '205', '201', '106', '102.02']","['306.04', '1612', '101', '3805', '4314', '2909']"
301.03,"['306.01', '301.02', '105.03', '301.04', '301.01', '104', '302', '305']",[]
633.03,"['701.02', '633.01', '701.01', '633.02', '619.01', '619.02', '632']",[]
301.02,"['306.01', '306.04', '301.03', '105.03', '301.04', '301.01', '104', '302', '305']",[]
105.02,"['105.03', '107.02', '105.01', '301.04', '8306', '104', '106', '302']",['2516']
105.03,"['301.03', '301.02', '105.02', '105.01', '301.04', '8306', '104', '106', '302', '303']",[]
107.02,"['107.01', '105.02', '102.01', '105.01', '8306', '204', '205', '103', '106', '102.02']",[]
8371,"['8378', '8374', '8369', '8370', '8368', '8367', '2428', '2429', '2315', '2705', '2712', '2713', '2808']","['5305.02', '5301']"
8370,"['8433', '8386', '8373', '8378', '8374', '8369', '8371', '8368', '2718', '2712', '2827', '2713', '2808']",[]
102.01,"['107.01', '107.02', '204', '201', '101', '102.02']",[]
209.01,"['208.01', '208.02', '206.02', '209.02', '205', '401']",[]
404.01,"['402.01', '402.02', '404.02', '8308', '408', '401', '406', '407', '409']",[]
2106.02,"['2206.01', '2105.02', '2206.02', '2207.02', '8311', '2207.01', '2105.01', '2106.01', '2101', '2107', '2204', '2205']",[]
1605.01,"['1605.02', '1407.02', '1606.02', '1407.01', '1406.02', '1606.01', '1408', '1608', '1609', '1604', '1607']",[]
1913.02,"['1906.02', '1913.01', '1906.01', '1907.01', '1907.02', '1912', '2503', '2504']",[]
1906.02,"['1913.02', '1913.01', '1906.01', '1907.01', '1907.02', '1904.01', '1904.02', '1903', '1912']",[]
8402,"['8411', '8432', '8398', '8401', '8397', '8400', '3104', '3102', '3103', '3105', '3106', '3403', '6004', '6009', '6006', '6007']",[]
5305.01,"['5305.03', '5305.02', '5301', '5302', '8214.02', '5306', '5303', '5304']",[]
207.01,"['208.01', '402.02', '207.02', '208.02', '8318', '403', '1301', '1303']",['604']
8314,"['2521.01', '2521.02', '2522.02', '8430', '2522.01', '2610', '2605', '2606', '2909']",[]
8313,"['2004.01', '8421', '8312', '2305', '2306', '1910', '1911', '2502', '2510', '2511', '2508']",[]
105.01,"['105.02', '105.03', '107.02', '8306', '104', '103', '106', '102.02']",[]
8330,"['8381', '8331', '8423', '2433', '2431', '2432', '2434', '2435', '2804', '2801', '2819']","['818', '2801', '2819']"
7608.01,"['7608.03', '7608.02', '7709.02', '8104', '1005']",[]
2521.01,"['8314', '2521.02', '2520', '2519']",[]
2521.02,"['8314', '2521.01', '2522.01', '2520', '2519', '2518']",[]
2522.02,"['8314', '8430', '2522.01', '2603', '2518', '2610', '2605', '2606', '2604']",[]
2206.01,"['2106.02', '2105.02', '2206.02', '2209.01', '2209.02', '2207.02', '2207.01', '2211', '2212', '2205', '2210']",[]
2105.02,"['2106.02', '2206.01', '2206.02', '2207.02', '8311', '2207.01', '2105.01', '2106.01', '1613', '2001', '2002', '2104']",[]
2206.02,"['2106.02', '2206.01', '2105.02', '2209.02', '2207.02', '2207.01', '2105.01', '2106.01', '2211', '2213', '2212', '2107', '2204', '2205', '2210']",[]
2209.01,"['2206.01', '2209.02', '2004.02', '2207.02', '2302', '8312', '2207.01', '2229', '2305', '2211', '2228', '2303', '2227', '2304', '2002', '2003', '2210']","['1406.02', '3817', '7115', '2922']"
2209.02,"['2206.01', '2206.02', '2209.01', '2004.02', '2207.02', '8312', '2207.01', '2229', '2211', '2228', '2227', '2002', '2003', '2210']",[]
2004.01,"['8313', '2004.02', '8312', '2305', '1910', '1909', '1911', '2002', '2003']",[]
2004.02,"['2209.01', '2209.02', '2004.01', '2207.02', '8312', '2207.01', '2229', '2305', '2304', '2002', '2003']",[]
1913.01,"['1913.02', '1906.02', '1906.01', '8316', '8315', '2504', '2505']",[]
1906.01,"['1913.02', '1906.02', '1913.01', '1904.01', '1904.02', '8316', '8315', '1801']",[]
1907.01,"['1913.02', '1906.02', '1907.02', '1904.02', '1903', '1908', '1911', '1912', '1902']",[]
1907.02,"['1913.02', '1906.02', '1907.01', '1904.02', '1903', '1908', '1911', '1912', '1902']",['2312']
1904.01,"['1906.02', '1906.01', '1904.02', '8316', '8315', '1512', '1710', '1801', '1711']",[]
1904.02,"['1906.02', '1906.01', '1907.01', '1907.02', '1904.01', '1903', '1512', '1511', '1711']",[]
8321,"['608', '8320', '611', '618', '8307', '615', '321', '314', '612', '605', '609', '610']",[]
8438,"['8347', '8426', '8346', '8355', '8356', '6805', '6108', '6110', '6121', '6120']",['8373']
8428,"['5805.02', '5701', '5808', '5804', '5806', '5704', '6103', '5807', '6302', '6301', '6303', '6304', '6305', '6115', '6201']",[]
3515,"['8420', '8359', '8355', '8395', '8396', '8400', '3406', '3405', '3805', '3514']",[]
9801,"['6503.01', '8352', '6401', '6403', '6406', '6502', '6408', '6407', '5608', '5611', '5607', '5705', '6203', '6202']",[]
8333,"['8329', '8331', '8429', '8419', '2831', '2832', '2838', '2819']",[]
8329,"['8382', '8333', '8381', '8331', '8429', '2831', '2832']",[]
8380,"['8382', '8378', '8381', '2804', '2827', '2828', '2809', '2808']",[]
8381,"['8382', '8378', '8330', '8329', '8380', '8331', '2804', '2831']",[]
307.06,"['306.01', '306.04', '307.02', '306.03', '307.01', '307.03', '305', '308', '311', '312', '313']",[]
3815,"['8360', '8358', '8355', '8357', '8356', '3807', '3819', '3817', '3818', '3812', '3814']",[]
8331,"['8382', '8330', '8333', '8329', '8381', '8419', '2804', '2831', '2832', '2801', '2819']",[]
8391,"['8390', '8419', '8423', '814.03', '3204', '3206', '3201', '815', '818', '816', '817', '2801', '2819']","['814.03', '3201', '817', '2801', '2819']"
812.01,"['802.02', '812.02', '814.01', '814.03', '813', '811', '801', '810', '815', '816', '817']",[]
1504.01,"['1504.02', '1505.01', '1105.02', '1505.02', '1503', '1103', '1104']",[]
1505.01,"['1504.02', '1504.01', '1505.02', '1701', '1007', '1103', '1104']",[]
8430,"['8387', '8415', '8386', '8373', '8314', '2522.02', '8431', '2715', '2607', '2610', '2609', '2705', '2718', '2605', '2606', '2608', '2712', '2909', '2713', '2912', '2714']",[]
8429,"['8412', '8382', '8433', '8374', '8333', '8329', '8407', '3104', '3105', '3107', '3108', '3106', '3109', '2831', '2832', '2827', '2828', '2838', '2916']",[]
8421,"['8313', '8368', '2306', '2307', '2312', '2510', '2315', '2603', '2602', '2601', '2517', '2518', '2604']","['5401.01', '8414', '5305.02', '5206', '7301']"
8419,"['8411', '8390', '8333', '8331', '8391', '8432', '3104', '3102', '3103', '3105', '3302', '3106', '2838', '2819']",[]
802.01,"['802.02', '812.02', '8383', '811', '715', '803', '801', '810']",['2429']
701.01,"['701.02', '633.01', '633.03', '633.02', '714', '701.03', '634', '631', '632', '713', '712', '702']",[]
812.02,"['802.02', '812.01', '802.01', '814.01', '814.03', '813', '811', '715', '803', '801', '810', '815', '816']",[]
404.02,"['402.01', '402.02', '404.01', '8308', '318', '319', '309', '310', '401', '406', '409']",[]
2207.02,"['2106.02', '2206.01', '2105.02', '2206.02', '2209.01', '2209.02', '2004.02', '2207.01', '2105.01', '2106.01', '2211', '2001', '2002', '2003', '2104', '2210']",[]
1403.01,"['1407.02', '1406.01', '1407.01', '1406.02', '1403.02', '8318', '1405', '1402', '1302', '1404']",[]
8422,"['8423', '8383', '716', '8326', '718', '715', '717', '803', '804', '2416', '2420', '2435', '819', '818']",[]
8437,"['1606.02', '8309', '1607', '2101', '2108', '2109', '512', '505', '508', '510', '514', '502', '503', '513', '509', '511', '707']",[]
8350,"['8351', '6603.01', '6603.02', '6705', '6706', '6713', '6714', '6606', '6704', '6607', '6608', '6308']",[]
8423,"['8330', '8391', '8422', '8383', '8326', '8310', '8323', '8325', '2402', '2403', '2414', '2415', '2416', '2420', '2433', '2421', '2432', '2434', '2435', '819', '818', '2801', '710']",[]
2302,"['2209.01', '2229', '2408', '2409', '2211', '2228', '2303', '2225', '2301', '2227', '2212', '2226', '2304', '2308', '2307', '2309', '2210']",[]
8351,"['8350', '6603.02', '6705', '6706', '6704', '6116', '6308', '6117', '6301', '6304', '6305']",[]
8347,"['8348', '8438', '8346', '8356', '6709', '6701', '6805', '6806', '6121', '6119', '6120']",[]
1510.01,"['1510.02', '8317', '1507', '1903', '1902', '1508', '1511', '1901']",[]
1510.02,"['1510.01', '8317', '1507', '1903', '1611', '1612', '1902', '1508', '1511', '2001', '1901']",[]
1606.02,"['1605.02', '1407.02', '1605.01', '8437', '1606.01', '1408', '1608', '1607', '408', '503']",[]
1406.01,"['1403.01', '1406.02', '1403.02', '1405', '1603', '1602', '1604', '1302', '1404']",[]
1407.01,"['1407.02', '1605.01', '1403.01', '1406.02', '1403.02', '8318', '1606.01', '1408', '1402', '1401']",[]
1406.02,"['1605.02', '1407.02', '1605.01', '1403.01', '1406.01', '1407.01', '1403.02', '8318', '1405', '1603', '1604', '1402', '1404']","['2209.01', '3817', '7115', '2922']"
3905,"['3904', '8363', '8436', '8361', '3906', '3902', '3903', '3907', '4101', '4102', '4105', '4106', '3901', '4107']",[]
8418,"['8344', '8343', '8439', '8342', '4207', '4208', '4212', '4303', '4304', '6905', '6914', '6915', '6909']",[]
8425,"['8345', '8346', '4206', '4207', '4212', '4005', '4008', '6809', '4205', '6812', '6905', '6903', '6904']","['8417', '7110']"
8426,"['8438', '8399', '8355', '8400', '8356', '3406', '6112', '6114', '6103', '6108', '6110', '5906', '5907', '6104', '6111', '6113']",[]
8435,"['8403', '8408', '8305', '8407', '8413', '3009', '3011', '3012', '3008', '3016', '5803', '5801', '5802', '3007']",[]
8434,"['8414', '3018.02', '3018.01', '3017.01', '3018.03', '2924', '2925', '3006', '3005', '2922']",[]
1403.02,"['1407.02', '1403.01', '1406.01', '1407.01', '1406.02', '8318', '1405', '1402', '1302', '1404']",[]
1105.01,"['1105.02', '1102', '1101', '1204', '1104', '1202']",[]
3904,"['3905', '8363', '8360', '8436', '8361', '3906', '3819', '3902', '3903', '4003', '4102', '4105', '4106', '3812', '3901']",[]
8432,"['8403', '8411', '8412', '8402', '8419', '8401', '8397', '8404', '8413', '3104', '3102', '3103', '3105', '3107', '3302', '3108', '3106', '3109', '6004', '6009', '6006', '6007']",[]
8408,"['8435', '8305', '3017.01', '3017.02', '3009', '3011', '3008', '3016', '3006', '3007']",[]
1105.02,"['1504.01', '1105.01', '1502', '1503', '1601', '1102', '1101', '1204', '1404', '1104']",[]
7608.02,"['7608.03', '7608.01', '7709.02', '1706', '1705']",[]
1505.02,"['1504.02', '1504.01', '1505.01', '1506', '1701', '1702', '1703']",['5906']
8431,"['8433', '8415', '8386', '8373', '8374', '8430', '8414', '8416', '8417', '8407', '3009', '3011', '3012', '3008', '2718', '2916', '2912', '2922']",['8414']
8343,"['8418', '4401.02', '8342', '4401.01', '4408', '4503', '4304', '4701', '4801', '4803', '4802', '4804', '6915', '4605']",[]
8439,"['8344', '8418', '4301.02', '4301.01', '4302', '4303', '4307', '4202', '4203', '4306', '4201', '4110']",[]
8312,"['8313', '2209.01', '2209.02', '2004.01', '2004.02', '2229', '2305', '2306', '1910', '1911', '2304', '2307', '2502']",[]
8316,"['1913.01', '1906.01', '1904.01', '8315', '1801', '1709', '2504', '2505']",[]
8315,"['1913.01', '1906.01', '1904.01', '8316', '1710', '1801', '1711', '2504', '2505']",[]
8311,"['2106.02', '2105.02', '2105.01', '2106.01', '1610', '1608', '1609', '1613', '1607', '2101', '2104', '2107']",[]
8317,"['1510.01', '1510.02', '1502', '1611', '1612', '1508', '1601', '1602']",[]
2715,"['8387', '8415', '8386', '8373', '8430', '2609', '2705', '2608', '2712', '2713', '2912', '2714']",[]
4402.02,"['4402.01', '4401.02', '4401.01', '4403', '4407', '4406', '4408', '4409', '4701']",[]
4401.02,"['4402.01', '8343', '4402.02', '4401.01', '4407', '4408', '4409', '4701', '4803', '4802']",[]
4301.02,"['8439', '4301.01', '4313.02', '4302', '4308', '4307', '4314', '4305', '4306']",[]
307.02,"['306.04', '307.06', '306.03', '307.01', '307.03', '308', '312', '313']",[]
306.03,"['306.01', '306.04', '307.06', '307.02', '307.01', '307.03', '301.01', '302', '305', '308']",[]
307.01,"['306.01', '306.04', '307.06', '307.02', '306.03', '307.03', '305', '308']",[]
8363,"['3905', '3904', '8436', '8361', '3906', '3819', '3907', '4003', '4101', '4102', '4105', '4106', '4107', '4108']","['8344', '8364', '8365', '6713', '1612', '903', '2609', '2909', '6121']"
8383,"['802.02', '802.01', '8422', '8423', '811', '803', '804', '810', '819', '818', '817']","['8359', '7301']"
8398,"['8402', '8401', '8399', '8397', '8400', '3406', '3405', '3403', '6004', '6009', '6006']",[]
8366,"['8367', '2409', '2308', '2311', '2307', '2309', '2312', '2427', '2315']",[]
7302.02,"['7302.01', '7111', '7109', '7110', '7114', '7304', '7305', '7115', '7301']",[]
4301.01,"['8439', '4301.02', '4302', '4308', '4307', '4309', '4305', '4306']",[]
633.02,"['701.02', '633.01', '633.03', '701.01', '619.01', '701.03', '619.02', '634', '631', '632', '620', '702']",[]
8362,"['8361', '4206', '4003', '4202', '4203', '4105', '4106', '4204', '4205', '4111', '4107', '4108', '4112']",[]
714,"['701.02', '701.01', '716', '701.03', '718', '715', '717', '713', '712', '702']",[]
8401,"['8411', '8402', '8432', '8398', '8397', '8400', '3404', '3405', '3403', '6004', '6009']",['6117']
5805.02,"['8428', '5805.01', '5808', '5804', '5806', '5807']",[]
8414,"['8387', '8415', '8434', '8431', '8416', '8417', '3008', '2924', '2925', '3006', '3007', '3005', '2912', '2922']","['5401.01', '8421', '8431', '602', '5206', '7301']"
814.01,"['812.01', '812.02', '814.03', '813', '811', '814.02', '3201', '815', '816']","['3201', '815', '817']"
814.03,"['8391', '812.01', '812.02', '814.01', '813', '3204', '814.02', '3201', '815', '816']",['8391']
307.03,"['306.04', '307.06', '307.02', '306.03', '307.01', '305', '308', '311', '312', '313']",[]
8360,"['3815', '3904', '8358', '8359', '8436', '8364', '3807', '3902', '3903', '3812', '3814', '3801', '3802']",[]
8358,"['3815', '8360', '8359', '8357', '3807', '3819', '3805', '3818', '3812', '3814', '3801', '3802']",[]
8359,"['3515', '8360', '8358', '8355', '8357', '8396', '3406', '3807', '3805', '3514', '3511', '3602', '3801', '3802']","['8383', '7301']"
8345,"['8425', '8346', '8361', '8356', '4206', '4003', '4004', '4005', '4008', '6809', '4205']",[]
8436,"['3905', '3904', '8363', '8360', '8361', '3819', '3902', '3903', '4003', '4105', '3812']",[]
5805.01,"['5805.02', '5803', '5801', '5802', '5804', '5806', '5807']",[]
8346,"['8348', '8438', '8347', '8425', '8345', '8361', '8356', '4003', '4005', '4008', '6809', '6810', '6121']",[]
8318,"['207.01', '1403.01', '1407.01', '1406.02', '1403.02', '403', '1402', '1301', '1302', '1401', '1404', '1303']",[]
716,"['8422', '714', '8326', '718', '715', '717', '803', '804', '711', '713', '712']",['1606.01']
8326,"['8422', '8423', '716', '8323', '8325', '718', '717', '804', '2402', '711', '713', '710', '712']",[]
619.01,"['633.01', '633.03', '633.02', '8320', '618', '619.02', '634', '630', '631', '632', '609', '610', '620', '621']",[]
8399,"['8426', '8398', '8397', '8355', '8404', '8400', '3406', '3405', '6009', '5907']",[]
301.04,"['301.03', '301.02', '105.02', '105.03', '301.01', '104', '106', '302']",[]
7706.02,['9800'],[]
8397,"['8402', '8432', '8398', '8401', '8399', '8404', '8400', '6004', '6009', '5907', '6006', '6007']",[]
8352,"['9801', '5604', '5603', '5607', '5705', '5703', '6203', '6202']",[]
8339,"['4603.01', '4801', '4604', '4805', '4601', '4602', '4606', '4607', '4610', '5201']",[]
8368,"['8369', '8371', '8370', '8421', '8367', '2315', '2602', '2601', '2607', '2705', '2608', '2712', '2713', '2714']",[]
8388,"['5401.02', '5401.01', '5103', '5002', '5101', '5102', '5202', '5502', '5003', '5203', '5206', '5001', '5501']",[]
8367,"['8378', '8371', '8366', '8368', '2409', '2311', '2312', '2425', '2426', '2427', '2428', '2429', '2315']",[]
8322,"['8310', '8324', '8323', '8325', '8309', '2405', '2215', '2216', '2222', '2402', '2403', '2414', '2415', '2412', '2413', '707']",[]
2522.01,"['8314', '2521.02', '2522.02', '2519', '2518']",[]
8310,"['8423', '8322', '8324', '8323', '8325', '2406', '2405', '2216', '2222', '2402', '2403', '2414', '2415', '2412', '2413']",[]
8324,"['8322', '8310', '2406', '2410', '2214', '2405', '2407', '2408', '2409', '2411', '2213', '2215', '2216', '2225', '2301', '2212', '2222', '2226', '2412']",[]
701.03,"['701.02', '633.01', '701.01', '633.02', '714', '634', '711', '713', '703', '712', '702']",[]
2207.01,"['2106.02', '2206.01', '2105.02', '2206.02', '2209.01', '2209.02', '2004.02', '2207.02', '2211', '2002', '2003', '2104', '2210']",[]
8416,"['8415', '8431', '8414', '8417', '3009', '3008', '3007', '2912', '2922']",[]
7709.02,"['7608.03', '7608.01', '7608.02', '8104', '1005']",[]
6603.01,"['8350', '6603.02', '6605', '6606', '6604', '6608']",[]
6603.02,"['8350', '8351', '6603.01', '6605', '6606', '6604', '6308', '6309']",[]
3018.02,"['8434', '3018.01', '3017.01', '3017.02', '3018.03', '2924', '2925', '3006', '3005']",[]
8340,"['8424', '4406', '7109', '4903', '4905', '4906', '7305', '7115', '7301']",[]
8342,"['8418', '8343', '4308', '4309', '4312', '4503', '4304', '4305', '4306', '6915', '4605']",[]
7302.01,"['7302.02', '7113', '7111', '7110', '7112', '7114', '7304', '7201', '7202', '7303']",[]
8355,"['8438', '3515', '3815', '8426', '8359', '8399', '8357', '8400', '8356', '3406', '3807', '3805', '3817', '3818', '3514', '3814', '6108']",[]
8395,"['8420', '3515', '8392', '8396', '3514', '3501', '3511', '3510']",[]
8392,"['8411', '8420', '8395', '8410', '3404', '3405', '3301', '3504', '3501', '3510']",[]
5305.02,"['5305.03', '5401.02', '5305.01', '5306']","['8371', '8421', '8417', '5301', '1702', '7110']"
8404,"['8403', '8432', '8399', '8397', '8413', '6009', '5905', '5906', '5907', '6007']",[]
8410,"['8411', '8392', '3302', '3404', '3301', '3504', '3501']",[]
301.01,"['306.01', '306.04', '301.03', '301.02', '306.03', '301.04', '302', '305']",[]
7003.02,"['7004.02', '7004.01', '7003.01', '7002']",[]
7004.02,"['7003.02', '7004.01', '7005.02', '7003.01', '7005.01']",[]
7004.01,"['7003.02', '7004.02', '7005.02', '7003.01', '7005.01', '6505', '7001', '7002']","['2307', '5803', '513', '6204']"
8305,"['8435', '8408', '3018.01', '3017.01', '3017.02', '3018.03', '3016', '5701', '5601', '5702', '5803', '5802', '5804']",[]
8417,"['8415', '8431', '8414', '8416', '8407', '3009', '3011', '3012', '3008', '3006', '3007', '2916', '2922']","['8373', '8425', '5305.02', '3902', '1702', '7110']"
6401,"['6503.01', '9801', '6502', '6408', '6407', '6203']",[]
8407,"['8412', '8433', '8429', '8435', '8431', '8417', '8413', '3009', '3011', '3012', '2916']",[]
8413,"['8403', '8412', '8435', '8432', '8404', '8407', '3012', '3109', '5801', '2916']",[]
3018.01,"['8434', '3018.02', '8305', '3018.03', '2925']",[]
608,"['8321', '8320', '611', '618', '321', '314', '609', '610']",[]
8323,"['8423', '8326', '8322', '8310', '8325', '8309', '2216', '2222', '2402', '2403', '2415', '2416', '707', '706']",[]
8325,"['8423', '8326', '8322', '8310', '8323', '8309', '2402', '707', '711', '706', '703', '710', '704', '705']",[]
8320,"['8321', '619.01', '608', '611', '618', '8319', '615', '629', '630', '622', '612', '604', '605', '609', '610', '620', '621', '623']",[]
1606.01,"['1605.02', '1407.02', '1605.01', '1606.02', '1407.01', '1408', '1608', '1607', '408', '503', '407']","['716', '717']"
2105.01,"['2106.02', '2105.02', '2206.02', '2207.02', '8311', '2106.01', '1613', '2104']",[]
2106.01,"['2106.02', '2105.02', '2206.02', '2207.02', '8311', '2105.01', '2101', '2107', '2205']",[]
813,"['812.01', '812.02', '814.01', '814.03', '811', '801', '814.02', '815', '816']",[]
7005.02,"['7004.02', '7004.01', '7005.01', '7113', '7112', '7105', '7201']",[]
8361,"['3905', '3904', '8363', '8362', '8345', '8436', '8346', '8356', '3819', '4003', '4004', '4005', '3817', '4105', '4106', '3818', '3812', '3814']",[]
8357,"['3815', '8358', '8359', '8355', '8356', '3807', '3805', '3817', '3818', '3814']","['6714', '6716', '2003', '6913', '2433', '4904', '2510', '503']"
611,"['8321', '608', '8320', '618', '8319', '8307', '615', '601', '321', '622', '612', '604', '605', '609', '610', '621', '623']",[]
8364,"['8360', '8365', '3902', '3903', '3907', '3901', '3510', '3602', '3801']","['8344', '8363', '8365', '6713', '903', '2609', '6121', '2922']"
8365,"['8364', '3511', '3510', '3602', '3801']","['8344', '8363', '8364', '6713', '903', '2609', '2713', '6121', '2922']"
8396,"['8420', '3515', '8359', '8395', '3805', '3514', '3511', '3510', '3602', '3801', '3802']",[]
8400,"['8402', '3515', '8426', '8398', '8401', '8399', '8397', '8355', '3406', '3404', '3405', '3403', '3805', '6004', '6009']",[]
8356,"['8438', '3815', '8347', '8426', '8345', '8346', '8355', '8361', '8357', '3807', '4003', '4005', '3817', '3818', '3814', '6108']",[]
8308,"['404.01', '404.02', '601', '602', '318', '319', '310', '501', '502', '406', '409']",[]
4603.01,"['8339', '4603.02', '4503', '4801', '4604', '4805', '4601', '4602', '4605', '4606', '4607']",[]
3017.01,"['8434', '8408', '3018.02', '8305', '3017.02', '3018.03', '3008', '3016', '3006', '3007', '3005']",[]
3104,"['8402', '8429', '8419', '8432', '3102', '3103', '3105', '3106', '2838']",[]
5301,"['5401.02', '5305.01', '4914', '5302', '5306', '5003', '4913']","['8371', '5305.02']"
811,"['802.02', '812.01', '802.01', '812.02', '8383', '814.01', '813', '803', '801', '810', '815', '818', '816', '817']",['4108']
1507,"['1504.02', '1510.01', '1510.02', '1502', '1503', '1506', '1512', '1508', '1511']",[]
3017.02,"['8408', '3018.02', '8305', '3017.01', '3018.03', '3016', '3006', '3007', '3005']",['2605']
7003.01,"['7003.02', '7004.02', '7004.01', '6505', '7002']",[]
4909.02,"['4909.01', '4914', '5002', '4910', '4907', '4908', '5003', '5001']",[]
618,"['8321', '619.01', '608', '8320', '611', '619.02', '622', '609', '610', '620', '621']",[]
4909.01,"['4909.02', '4914', '5002', '4910', '5003', '4913']",[]
6503.02,"['6503.01', '6502', '6605', '6504', '6505', '6501', '6604', '6609']",[]
8319,"['8320', '611', '615', '512', '505', '508', '603', '513', '506', '507', '511', '624', '628', '622', '626', '627', '612', '604', '605', '623', '625']",[]
8306,"['209.02', '107.01', '105.02', '105.03', '107.02', '105.01', '204', '205', '106', '302', '303']",[]
8309,"['8437', '8322', '8323', '8325', '2214', '2213', '2215', '2216', '2203', '2108', '2109', '2204', '510', '514', '513', '707']",[]
8307,"['315.01', '315.02', '8321', '611', '317', '601', '602', '318', '319', '321', '311', '312', '313', '314', '612', '604', '605', '610']",[]
3009,"['8435', '8408', '8431', '8416', '8417', '8407', '3011', '3012', '3008', '3016', '3007']",['3018.03']
7005.01,"['7004.02', '7004.01', '7005.02', '7001', '7112', '7104', '7105']",[]
4603.02,"['4603.01', '4313.02', '4313.01', '4312', '4314', '4604', '4601', '4602', '4605', '4607']",[]
4313.02,"['4301.02', '4603.02', '4313.01', '4308', '4307', '4312', '4314', '4306', '4604', '4601', '4605']",[]
2229,"['2209.01', '2209.02', '2004.02', '2302', '8312', '2305', '2211', '2228', '2303', '2227', '2304', '2308', '2307', '2309', '2210']",[]
4313.01,"['4603.02', '4313.02', '4308', '4312', '4314', '4604', '4601', '4605']",[]
4401.01,"['4402.01', '8343', '4402.02', '4401.02', '6914', '6915']",[]
3018.03,"['8434', '3018.02', '8305', '3018.01', '3017.01', '3017.02', '3005']",['3009']
3102,"['8411', '8402', '8419', '8432', '3104', '3103', '2838']",[]
3103,"['8411', '8402', '8419', '8432', '3104', '3102', '3105', '3106', '2838']",[]
3105,"['8402', '8429', '8419', '8432', '3104', '3103', '3106', '6006', '2838']",[]
5103,"['8388', '5002', '4701', '4803', '4804', '4805', '5102', '5001']",[]
4914,"['5401.02', '5301', '4909.02', '4909.01', '5002', '5302', '4910', '5003', '4913']",[]
5002,"['8388', '4909.02', '4909.01', '5103', '4914', '4908', '5003', '5001']",[]
5302,"['5305.01', '5301', '4914', '4912', '5306', '5303', '4913', '5304', '7506']",[]
7401,"['7404', '7503', '7402', '8233.04', '7403', '7504', '7205', '7204']",[]
1405,"['1403.01', '1406.01', '1406.02', '1403.02', '1603', '1601', '1602', '1604', '1302', '1404']",[]
1408,"['1605.02', '1407.02', '402.01', '1605.01', '1606.02', '1407.01', '1606.01', '403', '408', '503', '407', '1402', '1401']",[]
3011,"['8435', '8408', '8431', '8417', '8407', '3009', '3012', '3008', '2916']",['602']
1502,"['1105.02', '8317', '1507', '1503', '1611', '1508', '1601', '1602', '1204', '1404']",[]
1503,"['1504.02', '1504.01', '1105.02', '1507', '1502', '1506', '1508', '1104']",[]
3012,"['8412', '8435', '8431', '8417', '8407', '8413', '3009', '3011', '2916']",[]
7404,"['7401', '8233.04', '7403']",[]
204,"['206.02', '203.02', '107.01', '107.02', '102.01', '8306', '205', '201', '202']",[]
6403,"['9801', '6406', '6404', '6405', '6407', '5610', '5611']",[]
6406,"['9801', '6403', '6404', '6405', '6407']",[]
104,"['301.03', '301.02', '105.02', '105.03', '105.01', '301.04', '103', '106', '302']",[]
718,"['8422', '714', '716', '8326', '715', '717', '803', '804', '711', '713', '710', '712']",[]
1603,"['1406.01', '1406.02', '1405', '1610', '1609', '1611', '1601', '1602', '1604']",[]
3107,"['8429', '8432', '3108', '3106', '3109']",[]
715,"['802.02', '802.01', '812.02', '8422', '714', '716', '718', '717', '803', '801', '804', '713', '712']",[]
717,"['8422', '714', '716', '8326', '718', '715', '803', '804', '713', '712']",['1606.01']
6712,"['8349', '6705', '6706', '6707', '6708', '6709', '6711', '6713', '6714', '6715', '6716']",[]
6705,"['8350', '8351', '6712', '6706', '6707', '6713', '6714', '6704', '6607', '6703', '6116', '6117', '6301', '6118']",[]
6706,"['8350', '8351', '6712', '6705', '6707', '6708', '6711', '6713', '6714', '6704', '6607', '6702', '6703']",[]
6707,"['8349', '6712', '6705', '6706', '6708', '6709', '6711', '6713', '6714', '6701', '6704', '6702', '6703']",[]
6708,"['8349', '6712', '6706', '6707', '6709', '6711', '6713', '6701', '6704', '6702', '6703', '6805', '6806', '6810']",[]
6709,"['8349', '8348', '8347', '6712', '6707', '6708', '6711', '6701', '6702', '6703', '6805', '6806', '6810']","['6704', '6909', '7101', '4906', '6120']"
6711,"['8349', '6712', '6706', '6707', '6708', '6709', '6713', '6715', '6716', '6806', '6810']",[]
6713,"['8350', '6712', '6705', '6706', '6707', '6708', '6711', '6714', '6715', '6716', '6610', '6607', '6720']","['8344', '8363', '8364', '8365', '1612', '903', '2609', '2909', '6121']"
6714,"['8350', '6712', '6705', '6706', '6707', '6713', '6715', '6606', '6610', '6607', '6608', '6609', '6720']","['8357', '6716', '2003', '6913', '2433', '6904', '4904', '2510', '5803', '513', '6204']"
6715,"['8349', '6712', '6711', '6713', '6714', '6716', '6610', '6607', '6609', '6718', '6719', '6720']",[]
6716,"['8349', '6712', '6711', '6713', '6715', '6718', '6811', '6719', '6720', '6810', '6814']","['8357', '6714', '2003', '6913', '2433', '4904', '2510', '503']"
6701,"['8348', '8347', '6707', '6708', '6709', '6702', '6703', '6805', '6806', '6121', '6118', '6119', '6120']",[]
2305,"['8313', '2209.01', '2004.01', '2004.02', '8312', '2229', '2306', '1910', '1911', '2304', '2307', '2502', '2508']",[]
2306,"['8313', '8421', '8312', '2305', '1910', '2304', '2307', '2312', '2502', '2510', '2508']",[]
2406,"['8310', '8324', '2410', '2214', '2405', '2407', '2408', '2409', '2411', '2215', '2216', '2225', '2222', '2412', '2413', '2426']",[]
2410,"['8324', '2406', '2405', '2407', '2408', '2409', '2411', '2225', '2301', '2412', '2425', '2426']",[]
1910,"['8313', '2004.01', '8312', '2305', '2306', '1908', '1909', '1911', '2002', '2003', '2502', '2508']",[]
803,"['802.02', '802.01', '812.02', '8422', '8383', '716', '811', '718', '715', '717', '801', '804', '810', '819', '818']",[]
3008,"['8415', '8435', '8408', '8431', '8414', '8416', '8417', '3017.01', '3009', '3011', '3016', '3006', '3007', '2922']",[]
6502,"['6503.01', '9801', '6401', '6503.02', '6408', '6501', '6407', '6203', '6204']",[]
6605,"['6603.01', '6603.02', '6503.02', '6504', '6606', '6501', '6604', '6608', '6609']",[]
2214,"['8324', '8309', '2406', '2405', '2407', '2408', '2213', '2215', '2216', '2225', '2212', '2222', '2226', '2203', '2204', '2205']",[]
1610,"['8311', '1603', '1609', '1611', '1612', '1613', '1602', '1604']",[]
3406,"['8420', '3515', '8426', '8398', '8359', '8399', '8355', '8400', '3405', '3805', '3514']",['3501']
2405,"['8322', '8310', '8324', '2406', '2410', '2214', '2407', '2411', '2215', '2216', '2222', '2402', '2403', '2414', '2415', '2412', '2413']",[]
2407,"['8324', '2406', '2410', '2214', '2405', '2408', '2409', '2411', '2213', '2215', '2225', '2301', '2222', '2226', '2412', '2426']",[]
2408,"['2302', '8324', '2406', '2410', '2214', '2407', '2409', '2411', '2213', '2225', '2301', '2227', '2212', '2226', '2309', '2426']",[]
2409,"['2302', '8366', '8367', '8324', '2406', '2410', '2407', '2408', '2411', '2225', '2301', '2227', '2226', '2308', '2311', '2309', '2425', '2426', '2427', '2428']",[]
2411,"['8324', '2406', '2410', '2405', '2407', '2408', '2409', '2222', '2423', '2412', '2413', '2424', '2425', '2426']",[]
1903,"['1906.02', '1907.01', '1907.02', '1904.02', '1510.01', '1510.02', '1908', '1512', '1902', '1511']",[]
1908,"['1907.01', '1907.02', '1910', '1903', '1909', '1911', '1912', '1902', '2001', '2002', '1901', '2003']",[]
1909,"['2004.01', '1910', '1908', '1911', '1902', '2001', '2002', '1901', '2003']",[]
1911,"['8313', '2004.01', '1907.01', '1907.02', '8312', '2305', '1910', '1908', '1909', '1912', '2002', '2003', '2502', '2503', '2508']",[]
1912,"['1913.02', '1906.02', '1907.01', '1907.02', '1908', '1911', '2502', '2503', '2504']",[]
801,"['802.02', '812.01', '802.01', '812.02', '813', '811', '715', '803', '810']",[]
804,"['8422', '8383', '716', '8326', '718', '715', '717', '803', '810', '819', '818']",[]
810,"['802.02', '812.01', '802.01', '812.02', '8383', '811', '803', '801', '804', '815', '818', '816', '817']",[]
1506,"['1504.02', '1505.02', '1507', '1503', '1512', '1511', '1702', '1711']",[]
3016,"['8435', '8408', '8305', '3017.01', '3017.02', '3009', '3008', '3006', '3007', '3005']",[]
205,"['208.02', '206.02', '203.02', '209.02', '107.01', '107.02', '209.01', '8306', '204', '303']",[]
8214.02,"['5305.03', '5305.01', '5304']",[]
7503,"['7401', '8233.04', '7505', '7504', '7502', '7205', '7206']",['6408']
6408,"['6503.01', '9801', '6401', '6502', '6505', '6407']","['633.01', '7503', '4108', '703', '6201']"
7501,"['7505', '7502', '4912', '4911', '7307', '7207', '7506']",[]
7402,"['7401', '8233.04', '7403', '7205']",[]
6504,"['6503.01', '6503.02', '6605', '6505', '6611', '6609', '7001', '7002']",['4912']
6505,"['6503.01', '7004.01', '7003.01', '6503.02', '6408', '6504', '6407', '7002']",[]
6606,"['8350', '6603.01', '6603.02', '6714', '6605', '6604', '6607', '6608', '6609']",[]
2211,"['2206.01', '2206.02', '2209.01', '2209.02', '2207.02', '2302', '2207.01', '2229', '2213', '2228', '2303', '2225', '2301', '2227', '2212', '2226', '2304', '2204', '2205', '2210']",[]
2213,"['2206.02', '8324', '8309', '2214', '2407', '2408', '2211', '2215', '2225', '2301', '2227', '2212', '2226', '2203', '2204', '2205']",[]
2215,"['8322', '8324', '8309', '2406', '2214', '2405', '2407', '2213', '2216', '2222', '2203', '2204']",[]
201,"['203.02', '107.01', '102.01', '204', '202']",[]
2216,"['8322', '8310', '8324', '8323', '8309', '2406', '2214', '2405', '2215', '2222', '2203', '707']",[]
1608,"['1605.02', '1605.01', '1606.02', '8311', '1606.01', '1609', '1604', '1607', '2101']",[]
1609,"['1605.02', '1605.01', '8311', '1603', '1610', '1608', '1613', '1604']",[]
2228,"['2209.01', '2209.02', '2302', '2229', '2211', '2303', '2227', '2304', '2308', '2307', '2309', '2210']",[]
1611,"['1510.02', '8317', '1502', '1603', '1610', '1612', '1613', '1508', '1602']",[]
1612,"['1510.02', '8317', '1610', '1611', '1613', '1902', '1508', '2001', '1901', '2104']","['107.01', '8363', '6713', '903', '2609', '2909', '6121']"
1613,"['2105.02', '8311', '2105.01', '1610', '1609', '1611', '1612', '2001', '2104']",[]
6501,"['6503.01', '6503.02', '6502', '6605', '6604', '6203', '6204', '6309']",[]
3302,"['8411', '8390', '8419', '8432', '8410', '3206', '3301']",['5611']
4206,"['8425', '8362', '8345', '4207', '4208', '4003', '4004', '4008', '4204', '4205']",[]
4207,"['8344', '8418', '8425', '4206', '4208', '4212', '4008', '4203', '4204', '4205', '6905', '6904']",[]
6610,"['6713', '6714', '6715', '6611', '6607', '6608', '6609', '6720', '7001', '7104']",[]
8233.04,"['7401', '7404', '7503', '7402', '7403', '7505', '7504', '7205']",[]
101,"['102.01', '103', '102.02']","['306.01', '107.01', '3906', '4314', '2909']"
2303,"['2209.01', '2302', '2229', '2211', '2228', '2227', '2304', '2308', '2307', '2309', '2210']",[]
6404,"['6403', '6406', '6405', '5610', '5611']",[]
6405,"['6403', '6406', '6404']",[]
6407,"['6503.01', '9801', '6401', '6403', '6406', '6502', '6408', '6505']",['4912']
1512,"['1904.01', '1904.02', '1507', '1903', '1506', '1511', '1702', '1711']",[]
3108,"['8429', '8432', '3107', '3106', '3109']",[]
6604,"['6603.01', '6603.02', '6503.02', '6605', '6606', '6501', '6608', '6308', '6204', '6309']",[]
6704,"['8350', '8351', '6705', '6706', '6707', '6708', '6702', '6703', '6116', '6117', '6301', '6118', '6119']","['6709', '6909', '7101', '4906', '6120']"
3404,"['8411', '8420', '8401', '8392', '8410', '8400', '3405', '3403', '3504']",[]
4208,"['8344', '8418', '4206', '4207', '4212', '4202', '4203', '4204', '4205']",[]
4212,"['8344', '8418', '8425', '4207', '4208', '6905', '6904', '6909']",[]
6611,"['6504', '6610', '6609', '7001', '7002']",[]
2225,"['2302', '8324', '2406', '2410', '2214', '2407', '2408', '2409', '2211', '2213', '2301', '2227', '2212', '2226']",[]
1902,"['1907.01', '1907.02', '1510.01', '1510.02', '1903', '1908', '1909', '1612', '1511', '2001', '2002', '1901']",[]
3906,"['3905', '3904', '8363', '3902', '3903', '3907', '4101', '4102', '4105', '4106', '3901', '4107', '4108']","['306.01', '101']"
103,"['107.02', '105.01', '104', '101', '106', '102.02']",[]
106,"['107.01', '105.02', '105.03', '107.02', '105.01', '301.04', '8306', '104', '103', '102.02', '302', '303']",[]
202,"['207.02', '203.01', '203.02', '204', '201']",[]
1508,"['1510.01', '1510.02', '8317', '1507', '1502', '1503', '1611', '1612', '1511', '1602']",[]
1511,"['1904.02', '1510.01', '1510.02', '1507', '1903', '1506', '1512', '1902', '1508']",[]
2301,"['2302', '8324', '2410', '2407', '2408', '2409', '2211', '2213', '2225', '2227', '2212', '2226', '2309']",[]
1601,"['1105.02', '8317', '1405', '1502', '1603', '1602', '1204', '1404']",[]
1602,"['1406.01', '8317', '1405', '1502', '1603', '1610', '1611', '1508', '1601', '1604', '1404']",[]
1604,"['1605.02', '1407.02', '1605.01', '1406.01', '1406.02', '1405', '1603', '1610', '1608', '1609', '1602']",[]
3106,"['8402', '8429', '8419', '8432', '3104', '3103', '3105', '3107', '3108', '6006', '2838']",[]
3109,"['8412', '8429', '8432', '8413', '3107', '3108']",[]
3204,"['8390', '8391', '814.03', '3206', '3301', '3201']",[]
615,"['8321', '8320', '611', '8319', '603', '624', '628', '629', '622', '627', '612', '604', '605', '610', '621', '623', '625']",[]
3206,"['8390', '8391', '3302', '3204', '3301']",[]
7403,"['7401', '7404', '7402', '8233.04', '7205']",[]
6607,"['8350', '6705', '6706', '6713', '6714', '6715', '6606', '6610', '6608', '6609', '6720']",[]
2227,"['2209.01', '2209.02', '2302', '2229', '2408', '2409', '2211', '2213', '2228', '2303', '2225', '2301', '2212', '2226', '2304', '2308', '2307', '2309', '2210']",[]
2212,"['2206.01', '2206.02', '2302', '8324', '2214', '2408', '2211', '2213', '2225', '2301', '2227', '2226', '2203', '2204', '2205']",[]
1607,"['1605.02', '1605.01', '8437', '1606.02', '8311', '1606.01', '1608', '2101', '503']",[]
2222,"['8322', '8310', '8324', '8323', '2406', '2214', '2405', '2407', '2411', '2215', '2216', '2403', '2414', '2415', '2412', '2413']",[]
3405,"['8420', '3515', '8398', '8401', '8399', '8392', '8400', '3406', '3404', '3403', '3504', '3514']",[]
3301,"['8411', '8390', '8392', '8410', '3302', '3204', '3206', '3501']",[]
3403,"['8411', '8420', '8402', '8398', '8401', '8400', '3404', '3405', '3504', '6004']",[]
3504,"['8411', '8420', '8392', '8410', '3404', '3405', '3403']",[]
7505,"['7503', '7501', '8233.04', '7504', '7502', '5303', '5304', '7506']",[]
7504,"['7401', '7503', '8233.04', '7505', '7502']",[]
7502,"['7503', '7501', '7505', '7504', '7205', '7307', '7206', '7207', '7506']",[]
4302,"['8439', '4301.02', '4301.01', '4308', '4303', '4309', '4304', '4305', '4306']",[]
6608,"['8350', '6603.01', '6714', '6605', '6606', '6610', '6604', '6607', '6609']",[]
6609,"['6503.02', '6714', '6715', '6605', '6504', '6606', '6610', '6611', '6607', '6608', '6720']",[]
6702,"['6706', '6707', '6708', '6709', '6701', '6704', '6703', '6805', '6806', '6117', '6118', '6119', '6120']",[]
6703,"['6705', '6706', '6707', '6708', '6709', '6701', '6704', '6702', '6116', '6117', '6118', '6119']",[]
2226,"['2302', '8324', '2214', '2407', '2408', '2409', '2211', '2213', '2225', '2301', '2227', '2212', '2309']",[]
2304,"['2209.01', '2004.02', '2302', '8312', '2229', '2305', '2306', '2211', '2228', '2303', '2227', '2308', '2307', '2309', '2210']",[]
1704,"['1710', '1701', '1703', '1705', '1707', '1708']",[]
3807,"['3815', '8360', '8358', '8359', '8355', '8357', '8356', '3805', '3817', '3812', '3814', '3802']",[]
3819,"['3815', '3904', '8363', '8358', '8436', '8361', '4003', '3818', '3812', '3814']",[]
3902,"['3905', '3904', '8360', '8436', '8364', '3906', '3903', '3907', '3901', '3801']","['8417', '7110']"
1710,"['1904.01', '8315', '1704', '1801', '1709', '1702', '1703', '1708', '1711']",[]
1801,"['1906.01', '1904.01', '8316', '8315', '1710', '1709', '1708', '1711']",[]
3903,"['3905', '3904', '8360', '8436', '8364', '3906', '3902', '3812', '3901', '3801']",[]
3907,"['3905', '8363', '8364', '3906', '3902', '4101', '4102', '3901', '4107', '4108', '4109']",[]
4003,"['3904', '8363', '8362', '8345', '8436', '8346', '8361', '8356', '4206', '3819', '4004', '4005', '4008', '3817', '4203', '4105', '4106', '3818', '4204', '4205']",['2315']
4004,"['8345', '8361', '4206', '4003', '4005', '4008']",[]
4005,"['8425', '8345', '8346', '8361', '8356', '4003', '4004', '4008']",[]
4008,"['8425', '8345', '8346', '4206', '4207', '4003', '4004', '4005', '6809', '4205']",[]
4101,"['3905', '8363', '3906', '3907', '4102', '4106', '4111', '4107', '4108', '4109', '4110']",[]
4403,"['8424', '4402.01', '4402.02', '4407', '4406', '4409', '6913', '6912', '6914']",[]
4407,"['4402.02', '4401.02', '4403', '4406', '4408', '4409', '4701', '4903']",[]
4308,"['4301.02', '4301.01', '8342', '4313.02', '4313.01', '4302', '4307', '4309', '4312', '4314', '4305', '4306']","['4913', '2604', '6117']"
6718,"['8349', '6715', '6716', '6811', '6719', '6720', '6814', '7103', '7102', '7104']",[]
6805,"['8348', '8438', '8347', '6708', '6709', '6701', '6702', '6806', '6121', '6119', '6120']",['6111']
6811,"['8349', '6716', '6718', '6719', '6809', '6810', '6812', '6813', '6814']",[]
2001,"['2105.02', '2207.02', '1510.02', '1908', '1909', '1612', '1613', '1902', '2002', '1901', '2104']",[]
4102,"['3905', '3904', '8363', '3906', '3907', '4101', '4105', '4106', '4107', '4108', '4109']",[]
6806,"['8349', '8348', '8347', '6708', '6709', '6711', '6701', '6702', '6805', '6809', '6810']",[]
1706,"['7608.02', '1705', '1707']",[]
3805,"['3515', '8358', '8359', '8355', '8357', '8396', '8400', '3406', '3807', '3514']","['306.04', '107.01']"
3817,"['3815', '8355', '8361', '8357', '8356', '3807', '4003', '3818', '3814']","['2209.01', '1406.02', '7115', '2922']"
4303,"['8344', '8418', '8439', '4302', '4309', '4304', '4305']",[]
4307,"['8439', '4301.02', '4301.01', '4313.02', '4308', '4312', '4314', '4306']",[]
4309,"['4301.01', '8342', '4302', '4308', '4303', '4312', '4304', '4305', '4306']",[]
4312,"['8342', '4603.02', '4313.02', '4313.01', '4308', '4307', '4309', '4314', '4305', '4306', '4604', '4605']",[]
4314,"['4301.02', '4603.02', '4313.02', '4313.01', '4308', '4307', '4312', '4306', '4601']","['107.01', '101']"
2308,"['2302', '8366', '2229', '2409', '2228', '2303', '2227', '2304', '2311', '2307', '2309', '2312']",[]
2311,"['8366', '8367', '2409', '2308', '2307', '2309', '2312', '2315']",[]
1709,"['8316', '1710', '1801', '1707', '1708']",['1605.02']
2101,"['2106.02', '8437', '8311', '2106.01', '1608', '1607', '2107', '2108', '2109', '510']",[]
4202,"['8344', '8439', '8362', '4208', '4203', '4201', '4204', '4111', '4110', '4112']",[]
4203,"['8344', '8439', '8362', '4207', '4208', '4003', '4202', '4201', '4204', '4205', '4111', '4112']",[]
4406,"['8424', '4402.02', '8340', '4403', '4407', '4409', '4903', '4904']",[]
4408,"['8343', '4402.02', '4401.02', '4407', '4409', '4701', '4904', '4905', '5001']",[]
4409,"['4402.02', '4401.02', '4403', '4407', '4406', '4408', '4701', '4903', '4904', '4905', '5001']",['6006']
5604,"['8352', '5601', '5702', '5602', '5603', '5705', '5703', '6202']",[]
4503,"['8343', '8342', '4603.01', '4801', '4604', '4803', '4802', '4804', '4805', '4605', '4606']",[]
6719,"['8349', '6715', '6716', '6718', '6811', '6720', '6814', '7103', '7102', '7104']",[]
6720,"['8349', '6713', '6714', '6715', '6716', '6610', '6607', '6609', '6718', '6719', '7001', '7103', '7102', '7104']",['5304']
6809,"['8348', '8425', '8345', '8346', '4008', '6811', '6806', '6810', '6812', '6903', '6904']",[]
6810,"['8349', '8348', '8346', '6708', '6709', '6711', '6716', '6811', '6806', '6809', '6812']",[]
2402,"['8423', '8326', '8322', '8310', '8323', '8325', '2405', '2403', '2414', '2415', '2416']",[]
2403,"['8423', '8322', '8310', '8323', '2405', '2222', '2402', '2414', '2415', '2416', '2412', '2413']",[]
2002,"['2105.02', '2209.01', '2209.02', '2004.01', '2004.02', '2207.02', '2207.01', '1910', '1908', '1909', '1911', '1902', '2001', '1901', '2003', '2104']",[]
4105,"['3905', '3904', '8363', '8362', '8436', '8361', '3906', '4003', '4102', '4106', '4107', '4112']",[]
4106,"['3905', '3904', '8363', '8362', '8361', '3906', '4003', '4101', '4102', '4105', '4111', '4107', '4108', '4112']",[]
1701,"['1505.01', '1505.02', '1704', '1702', '1703']",[]
1702,"['1504.02', '1505.02', '1506', '1512', '1710', '1701', '1703', '1711']","['5305.02', '8417', '7110', '314']"
1703,"['1505.02', '1704', '1710', '1701', '1702', '1708', '1711']",[]
3818,"['3815', '8358', '8355', '8361', '8357', '8356', '3819', '4003', '3817', '3812', '3814']",[]
1705,"['7608.02', '1704', '1706', '1707', '1708']",[]
3514,"['8420', '3515', '8359', '8355', '8395', '8396', '3406', '3405', '3805', '3511', '3510', '3802']",[]
3812,"['3815', '3904', '8360', '8358', '8436', '8361', '3807', '3819', '3903', '3818', '3814']",[]
3814,"['3815', '8360', '8358', '8355', '8361', '8357', '8356', '3807', '3819', '3817', '3818', '3812']",[]
3901,"['3905', '3904', '8364', '3906', '3902', '3903', '3907']",[]
4304,"['8418', '8343', '8342', '4302', '4303', '4309', '4305', '6915']",[]
4305,"['4301.02', '4301.01', '8342', '4302', '4308', '4303', '4309', '4312', '4304', '4306']",[]
4306,"['8439', '4301.02', '4301.01', '8342', '4313.02', '4302', '4308', '4307', '4309', '4312', '4314', '4305']",[]
2307,"['8421', '2302', '8312', '8366', '2229', '2305', '2306', '2228', '2303', '2227', '2304', '2308', '2311', '2309', '2312']",['7004.01']
2309,"['2302', '8366', '2229', '2408', '2409', '2228', '2303', '2301', '2227', '2226', '2304', '2308', '2311', '2307', '2312']",[]
2312,"['8421', '8366', '8367', '2306', '2308', '2311', '2307', '2309', '2315']",['1907.02']
1707,"['1704', '1706', '1709', '1705', '1708']",[]
1708,"['1704', '1710', '1801', '1709', '1703', '1705', '1707']",[]
1711,"['1904.01', '1904.02', '8315', '1506', '1512', '1710', '1801', '1702', '1703']",[]
1901,"['1510.01', '1510.02', '1908', '1909', '1612', '1902', '2001', '2002']",[]
2422,"['2423', '2414', '2415', '2416', '2420', '2433', '2412', '2413', '2421', '2431', '2432', '2424', '2429', '2430']",[]
2003,"['2209.01', '2209.02', '2004.01', '2004.02', '2207.02', '2207.01', '1910', '1908', '1909', '1911', '2002']","['8357', '6714', '6716', '6913', '2433', '4904', '2510', '503']"
2104,"['2105.02', '2207.02', '8311', '2207.01', '2105.01', '1612', '1613', '2001', '2002']",[]
2203,"['8309', '2214', '2213', '2215', '2216', '2212', '2107', '2108', '2109', '2204', '2205']",[]
2107,"['2106.02', '2206.02', '8311', '2106.01', '2101', '2203', '2108', '2109', '2204', '2205']",[]
2108,"['8437', '8309', '2101', '2203', '2107', '2109', '2204', '2205']",[]
2109,"['8437', '8309', '2101', '2203', '2107', '2108', '2204', '2205', '510', '514']",[]
4201,"['8344', '8439', '4202', '4203', '4111', '4110', '4112']",[]
4204,"['8344', '8362', '4206', '4207', '4208', '4003', '4202', '4203', '4205', '4112']",[]
4205,"['8425', '8362', '8345', '4206', '4207', '4208', '4003', '4008', '4203', '4204']",[]
6913,"['8424', '4402.01', '4403', '6910', '6911', '6912', '6914', '6909']","['8357', '6714', '6716', '2003', '2433', '4904', '2510']"
317,"['315.01', '315.02', '8307', '601', '602', '318', '319', '321', '310', '311', '312', '313']",[]
4701,"['8343', '4402.02', '4401.02', '5103', '4407', '4408', '4409', '4803', '4802', '4804', '4904', '4905', '5001']",[]
4801,"['8343', '8339', '4603.01', '4503', '4604', '4803', '4802', '4804', '4805', '4605', '4606']",[]
6910,"['6913', '6905', '6911', '6912', '6914', '6903', '6904', '6909']",[]
2423,"['2411', '2422', '2414', '2412', '2413', '2421', '2431', '2432', '2424', '2425', '2428', '2429', '2430']",[]
4111,"['8362', '4101', '4202', '4203', '4106', '4201', '4107', '4108', '4109', '4110', '4112']",[]
4604,"['8339', '4603.01', '4603.02', '4313.02', '4313.01', '4312', '4503', '4801', '4804', '4805', '4605', '4606']","['6812', '4601']"
6812,"['8425', '6811', '6809', '6810', '6911', '6813', '6814', '6903']","['4604', '4601']"
6905,"['8418', '8425', '4207', '4212', '6910', '6904', '6909']",[]
2414,"['8423', '8322', '8310', '2405', '2222', '2402', '2403', '2422', '2423', '2415', '2416', '2420', '2412', '2413', '2421', '2424']",[]
2415,"['8423', '8322', '8310', '8323', '2405', '2222', '2402', '2403', '2422', '2414', '2416', '2420', '2412', '2413', '2421']",[]
2416,"['8422', '8423', '8323', '2402', '2403', '2422', '2414', '2415', '2420', '2421']",[]
2420,"['8422', '8423', '2422', '2414', '2415', '2416', '2433', '2421', '2431', '2432', '2434', '2435']",[]
2433,"['8330', '8423', '2422', '2420', '2421', '2431', '2432', '2434', '2435', '2804']","['8357', '6714', '6716', '2003', '6913', '4904', '2510']"
4912,"['5302', '7501', '4910', '4911', '5303', '4913', '7506']","['6504', '6407']"
4803,"['8343', '4401.02', '5103', '4503', '4701', '4801', '4802', '4804', '5001']",[]
7108,"['8424', '6912', '6813', '7111', '7101', '7103', '7109', '7110', '7106', '7102', '7107']",[]
7113,"['7302.01', '7005.02', '7111', '7112', '7114', '7201', '7303']",[]
102.02,"['107.01', '107.02', '102.01', '105.01', '101', '103', '106']",[]
4802,"['8343', '4401.02', '4503', '4701', '4801', '4803', '4804']",[]
4804,"['8343', '5103', '4503', '4701', '4801', '4604', '4803', '4802', '4805', '4605', '4606', '5102', '5001']",[]
4805,"['8339', '4603.01', '5103', '4503', '4801', '4604', '4804', '4605', '4606', '4607', '4610', '5101', '5102', '5202', '5201']",[]
2412,"['8322', '8310', '8324', '2406', '2410', '2405', '2407', '2411', '2222', '2403', '2422', '2423', '2414', '2415', '2413', '2424', '2425', '2426']",[]
6911,"['6913', '6910', '6812', '6912', '6813', '6903', '6904', '7101']",[]
6912,"['8424', '4403', '6913', '6910', '7108', '6911', '6813', '6814', '7101', '7109', '7102']",[]
6914,"['4402.01', '8418', '4401.01', '4403', '6913', '6910', '6915', '6909']",[]
512,"['8437', '8319', '505', '508', '510', '514', '603', '513', '506', '507', '509', '511', '624', '626', '627', '625']",[]
6915,"['4402.01', '8418', '8343', '8342', '4401.01', '4304', '6914', '6909']",[]
7001,"['7004.01', '7005.01', '6504', '6610', '6611', '6720', '7002', '7104', '7105']",[]
4107,"['3905', '8363', '8362', '3906', '3907', '4101', '4102', '4105', '4106', '4111', '4108', '4109', '4110', '4112']",[]
4108,"['8363', '8362', '3906', '3907', '4101', '4102', '4106', '4111', '4107', '4109', '4110', '4112']","['811', '6408', '703']"
4109,"['3907', '4101', '4102', '4111', '4107', '4108', '4110', '4112']",[]
4110,"['8439', '4101', '4202', '4201', '4111', '4107', '4108', '4109', '4112']",[]
4112,"['8362', '4202', '4203', '4105', '4106', '4201', '4204', '4111', '4107', '4108', '4109', '4110']",[]
5306,"['5401.02', '5401.01', '5305.01', '5305.02', '5301', '5302']",[]
4601,"['8339', '4603.01', '4603.02', '4313.02', '4313.01', '4314', '4602', '4607', '4610', '5201']","['5401.02', '4604', '6812']"
4602,"['8339', '4603.01', '4603.02', '4601', '4606', '4607']",[]
4605,"['8343', '8342', '4603.01', '4603.02', '4313.02', '4313.01', '4312', '4503', '4801', '4604', '4804', '4805', '4606']",[]
4606,"['8339', '4603.01', '4503', '4801', '4604', '4804', '4805', '4602', '4605', '4607', '4610']","['6117', '6115']"
4607,"['8339', '4603.01', '4603.02', '4805', '4601', '4602', '4606', '4610']",[]
2413,"['8322', '8310', '2406', '2405', '2411', '2222', '2403', '2422', '2423', '2414', '2415', '2412', '2424', '2425']",[]
4610,"['8339', '4805', '4601', '4606', '4607', '5101', '5202', '5201']",[]
6813,"['6811', '6812', '7108', '6911', '6912', '6814', '6903', '7101', '7102']",[]
6814,"['8349', '6716', '6718', '6811', '6719', '6812', '6912', '6813', '7101', '7103', '7102']",[]
601,"['611', '8308', '8307', '317', '602', '318', '319', '501', '603', '506', '612', '604', '605']",[]
6903,"['8425', '6809', '6910', '6812', '6911', '6813', '6904']",['2429']
6904,"['8425', '4207', '4212', '6809', '6910', '6905', '6911', '6903', '6909']","['6714', '5803', '513', '6204']"
6909,"['8418', '4212', '6913', '6910', '6905', '6914', '6915', '6904']","['6709', '6704', '7101', '4906', '6120']"
602,"['8308', '8307', '317', '601', '318', '319', '505', '501', '502', '603', '506', '409', '604', '605']","['8414', '3011', '7301']"
2421,"['8423', '2422', '2423', '2414', '2415', '2416', '2420', '2433', '2431', '2432', '2434', '2430']",[]
2431,"['8378', '8330', '2422', '2423', '2420', '2433', '2421', '2432', '2424', '2429', '2430', '2804']",[]
2432,"['8378', '8330', '8423', '2422', '2423', '2420', '2433', '2421', '2431', '2434', '2430', '2804']",[]
6116,"['8351', '6705', '6704', '6703', '6114', '6113', '6302', '6117', '6301', '6305', '6115', '6118']",[]
2434,"['8330', '8423', '2420', '2433', '2421', '2432', '2435', '2804']",[]
2435,"['8330', '8422', '8423', '2420', '2433', '2434', '819', '818', '2801']",[]
7111,"['7302.02', '7302.01', '7108', '7113', '7110', '7112', '7114', '7106', '7105', '7107', '7303']",[]
2502,"['8313', '8312', '2305', '2306', '1910', '1911', '1912', '2503', '2507', '2508']",[]
4910,"['4909.02', '4909.01', '4914', '4912', '4911', '4907', '4908', '7305', '4913']",[]
4911,"['7501', '4912', '4910', '4907', '7305', '7306', '7307', '4913', '7506']",[]
7101,"['8424', '7108', '6911', '6912', '6813', '6814', '7109', '7102']","['6709', '6704', '6909', '4906', '6120']"
5101,"['8388', '4805', '4610', '5102', '5202', '5203', '5201']",[]
5102,"['8388', '5103', '4804', '4805', '5101']",[]
7103,"['6718', '6719', '6720', '7108', '6814', '7106', '7102', '7104', '7105', '7107']",[]
5202,"['8388', '4805', '4610', '5101', '5203', '5201', '5204']",[]
7109,"['8424', '7302.02', '8340', '7108', '6912', '7101', '7110', '7114', '7102', '7115']",[]
7110,"['8424', '7302.02', '7302.01', '7108', '7111', '7109', '7114', '7107', '7115']","['8373', '8425', '5305.02', '8417', '3902', '1702']"
7112,"['7302.01', '7005.02', '7005.01', '7113', '7111', '7114', '7106', '7105', '7107', '7201', '7303']",[]
7114,"['7302.02', '7302.01', '7113', '7111', '7109', '7110', '7112', '7115', '7301', '7303']",[]
814.02,"['814.01', '814.03', '813', '3201']",[]
7106,"['7108', '7111', '7103', '7112', '7102', '7104', '7105', '7107']",['2606']
619.02,"['633.01', '633.03', '633.02', '619.01', '618', '634', '631', '632', '609', '620']",[]
302,"['306.01', '306.04', '209.02', '301.03', '301.02', '105.02', '105.03', '306.03', '301.04', '301.01', '8306', '104', '106', '303', '304', '305', '401']",[]
303,"['209.02', '105.03', '8306', '205', '106', '302', '304', '305', '401']",[]
304,"['209.02', '302', '303', '305', '308', '309', '401']",[]
305,"['306.01', '306.04', '209.02', '301.03', '301.02', '307.06', '306.03', '307.01', '307.03', '301.01', '302', '303', '304', '308', '309', '401']",[]
308,"['306.01', '306.04', '307.06', '307.02', '306.03', '307.01', '307.03', '304', '305', '309', '310', '311', '312', '313']",[]
2424,"['2411', '2422', '2423', '2414', '2412', '2413', '2431', '2425', '2426', '2428', '2429', '2430']",[]
2425,"['8367', '2410', '2409', '2411', '2423', '2412', '2413', '2424', '2426', '2427', '2428', '2429', '2430']",[]
2426,"['8367', '2406', '2410', '2407', '2408', '2409', '2411', '2412', '2424', '2425', '2427', '2428', '2429']",[]
2427,"['8366', '8367', '2409', '2425', '2426', '2428']",[]
2428,"['8378', '8371', '8367', '2409', '2423', '2424', '2425', '2426', '2427', '2429', '2430']",[]
2429,"['8378', '8371', '8367', '2422', '2423', '2431', '2424', '2425', '2426', '2428', '2430', '2804']","['802.01', '6903', '2513']"
2430,"['8378', '2422', '2423', '2421', '2431', '2432', '2424', '2425', '2428', '2429', '2804']",[]
2204,"['2106.02', '2206.02', '8309', '2214', '2211', '2213', '2215', '2212', '2203', '2107', '2108', '2109', '2205']",[]
2205,"['2106.02', '2206.01', '2206.02', '2106.01', '2214', '2211', '2213', '2212', '2203', '2107', '2108', '2109', '2204']",[]
318,"['404.02', '8308', '8307', '317', '601', '602', '319', '310', '501', '311']",[]
2210,"['2206.01', '2206.02', '2209.01', '2209.02', '2207.02', '2302', '2207.01', '2229', '2211', '2228', '2303', '2227', '2304']",[]
8104,"['7608.03', '7608.01', '7709.02', '903', '1003', '1004', '1005']",[]
319,"['404.02', '8308', '8307', '317', '601', '602', '318', '310', '501', '502', '311', '409']",[]
5205,"['5203', '5206', '5201', '5204', '5501']",[]
7205,"['7401', '7503', '7402', '8233.04', '7403', '7502', '7206', '7203', '7204']",[]
4903,"['8424', '8340', '4407', '4406', '4409', '4904', '4905', '4906']",[]
4904,"['4406', '4408', '4409', '4701', '4903', '4905', '5001']","['8357', '6714', '6716', '2003', '6913', '2433', '2510', '503']"
3501,"['8420', '8395', '8392', '8410', '3301', '3510']",['3406']
3511,"['8420', '8359', '8395', '8365', '8396', '3514', '3510', '3602', '3801', '3802']",[]
2512,"['2506', '2511', '2507', '2508', '2513', '2514', '2515', '2516']",[]
5701,"['8428', '8305', '5702', '5803', '5804', '5703', '5704', '6303', '6201']",[]
309,"['404.02', '304', '305', '308', '310', '311', '401']",[]
2506,"['2512', '2503', '2504', '2507', '2513']",[]
5601,"['8305', '5604', '5702', '5602', '5603', '5703']",[]
321,"['315.01', '315.02', '8321', '608', '611', '8307', '317', '314', '612', '605', '609', '610']",[]
4905,"['8340', '4408', '4409', '4701', '4903', '4904', '4906', '4907', '4908', '5001']",[]
4906,"['8340', '4903', '4905', '4907', '4908', '7305', '7301']","['6709', '6704', '6909', '7101', '6120']"
4907,"['4909.02', '4910', '4911', '4905', '4906', '4908', '7305']",[]
4908,"['4909.02', '5002', '4910', '4905', '4906', '4907', '5001']",[]
7002,"['7003.02', '7004.01', '7003.01', '6504', '6505', '6611', '7001']",[]
7102,"['6718', '6719', '6720', '7108', '6912', '6813', '6814', '7101', '7103', '7109', '7106', '7104', '7107']",[]
7104,"['7005.01', '6610', '6718', '6719', '6720', '7001', '7103', '7106', '7102', '7105', '7107']",[]
7105,"['7005.02', '7005.01', '7001', '7111', '7103', '7112', '7106', '7104', '7107']",[]
7107,"['7108', '7111', '7103', '7110', '7112', '7106', '7102', '7104', '7105']",[]
2510,"['8313', '8421', '2306', '2511', '2508', '2516', '2517']","['8357', '6714', '6716', '2003', '6913', '2433', '4904']"
2804,"['8378', '8330', '8380', '8381', '8331', '2433', '2431', '2432', '2434', '2429', '2430']",[]
3201,"['8391', '814.01', '814.03', '3204', '814.02', '815', '816', '817']","['8391', '814.01', '817', '2801']"
5808,"['8428', '5805.02', '5806', '6103', '5807', '6302', '6301', '6115']",[]
3510,"['8420', '8395', '8392', '8364', '8365', '8396', '3514', '3501', '3511', '3602']",[]
3602,"['8359', '8364', '8365', '8396', '3511', '3510', '3801', '3802']",[]
3801,"['8360', '8358', '8359', '8364', '8365', '8396', '3902', '3903', '3511', '3602', '3802']",[]
2315,"['8371', '8421', '8366', '8368', '8367', '2311', '2312', '2603', '2602', '2601']",['4003']
2511,"['8313', '2512', '2510', '2507', '2508', '2515', '2516', '2517']",[]
5502,"['5401.02', '5401.01', '8388', '5501']",[]
5608,"['9801', '5609', '5610', '5611', '5607']",[]
5609,"['5608', '5610', '5611']",['1504.02']
5003,"['5401.02', '8388', '5301', '4909.02', '4909.01', '4914', '5002']",['1204']
5610,"['6403', '6404', '5608', '5609', '5611']",[]
5611,"['9801', '6403', '6404', '5608', '5609', '5610', '5607']",['3302']
5702,"['8305', '5604', '5701', '5601', '5602', '5603', '5703', '5704']",[]
7304,"['7302.02', '7302.01', '7305', '7306', '7201', '7202', '7301', '7303']",[]
7305,"['7302.02', '8340', '4910', '4911', '4906', '4907', '7304', '7306', '7307', '7301']",[]
7306,"['4911', '7304', '7305', '7307', '7202', '7207']",[]
7307,"['7501', '7502', '4911', '7305', '7306', '7202', '7207']",[]
2503,"['1913.02', '1911', '1912', '2502', '2506', '2504', '2507', '2508']",[]
2504,"['1913.02', '1913.01', '8316', '8315', '1912', '2506', '2503', '2505', '2507']",[]
2505,"['1913.01', '8316', '8315', '2504']",[]
2507,"['2502', '2512', '2506', '2511', '2503', '2504', '2508', '2513']",[]
2508,"['8313', '2305', '2306', '1910', '1911', '2502', '2512', '2510', '2511', '2503', '2507']",[]
5203,"['8388', '5101', '5202', '5205', '5206', '5201', '5204']",[]
5206,"['8388', '5205', '5203', '5204', '5501']","['8421', '8414']"
5602,"['5604', '5601', '5702', '5603', '5703']",[]
5603,"['8352', '5604', '5601', '5702', '5602', '5607', '5705', '5703']",[]
5607,"['9801', '8352', '5608', '5611', '5603']",[]
7115,"['8424', '7302.02', '8340', '7109', '7110', '7114', '7301']","['2209.01', '1406.02', '3817', '2922']"
7206,"['7503', '7502', '7205', '7202', '7203', '7207', '7204']",[]
310,"['404.02', '8308', '317', '308', '318', '319', '309', '311', '401']",[]
5803,"['8435', '5805.01', '8305', '5701', '5802', '5804']","['7004.01', '6714', '6904', '513', '6204']"
505,"['8437', '8319', '512', '602', '508', '510', '501', '502', '503', '603', '506', '507', '509', '511']",[]
508,"['8437', '8319', '512', '505', '510', '514', '603', '513', '506', '507', '509', '511', '625']",[]
510,"['8437', '8309', '2101', '2109', '512', '505', '508', '514', '513', '507', '509', '511']","['2718', '2916']"
514,"['8437', '8309', '2109', '512', '508', '510', '513', '507', '509', '511', '626', '625', '707']",[]
819,"['8422', '8423', '8383', '803', '804', '2435', '818']",[]
2520,"['2521.01', '2521.02', '2514', '2515', '2519']",[]
2603,"['2522.02', '8421', '2315', '2602', '2601', '2607', '2517', '2518', '2605', '2606', '2604', '2608']",[]
403,"['208.01', '402.01', '402.02', '207.01', '8318', '1408', '408', '407', '1402', '1401', '1303']",[]
408,"['402.01', '404.01', '1606.02', '1606.01', '1408', '403', '502', '503', '406', '407', '409']",[]
501,"['8308', '601', '602', '318', '319', '505', '502', '603', '506', '406', '409', '604']",[]
502,"['8437', '8308', '602', '319', '505', '408', '501', '503', '603', '506', '406', '407', '409']",[]
503,"['8437', '1606.02', '1606.01', '1408', '1607', '505', '408', '502', '406', '407', '409']","['8357', '6716', '2003', '4904']"
3802,"['8360', '8358', '8359', '8396', '3807', '3514', '3511', '3602', '3801']",[]
6004,"['8411', '8402', '8432', '8398', '8401', '8397', '8400', '3403', '6009', '6006']",[]
815,"['8391', '812.01', '812.02', '814.01', '814.03', '813', '811', '810', '3201', '816', '817']",['814.01']
7201,"['7302.01', '7005.02', '7113', '7112', '7304', '7202', '7203', '7303']",[]
7202,"['7302.01', '7304', '7306', '7307', '7206', '7201', '7203', '7207', '7303']",[]
7203,"['7205', '7206', '7201', '7202', '7207', '7204']",[]
7207,"['7501', '7502', '7306', '7307', '7206', '7202', '7203']",[]
7301,"['7302.02', '8340', '7114', '4906', '7304', '7305', '7115']","['5401.01', '8421', '8383', '8414', '8359', '602']"
7303,"['7302.01', '7113', '7111', '7112', '7114', '7304', '7201', '7202']",[]
311,"['315.01', '307.06', '307.03', '8307', '317', '308', '318', '319', '309', '310', '312', '313']",[]
312,"['315.01', '315.02', '307.06', '307.02', '307.03', '8307', '317', '308', '311', '313', '314']",[]
313,"['315.01', '315.02', '307.06', '307.02', '307.03', '8307', '317', '308', '311', '312', '314']",[]
314,"['315.01', '315.02', '8321', '608', '8307', '321', '312', '313', '609', '610']",['1702']
5705,"['9801', '8352', '5604', '5603', '5703', '5704', '6203', '6201', '6202']",[]
5801,"['8403', '8435', '5805.01', '8413', '5802', '5806', '6103', '5807', '5905']",[]
5802,"['8435', '5805.01', '8305', '5803', '5801', '5804', '5806', '5807']",['1204']
603,"['8319', '615', '512', '601', '602', '505', '508', '501', '502', '506', '507', '624', '612', '604', '605', '625']",[]
5804,"['8428', '5805.02', '5805.01', '8305', '5701', '5803', '5802', '5704', '6302', '6303', '6201']",[]
5806,"['8403', '8428', '5805.02', '5805.01', '5808', '5801', '5802', '5807']",[]
5303,"['5305.01', '5302', '7505', '4912', '5304', '7506']",[]
513,"['8437', '8319', '8309', '512', '508', '510', '514', '507', '511', '624', '626', '627', '625', '707']","['7004.01', '6714', '6904', '5803', '6204']"
5001,"['8388', '4909.02', '5103', '5002', '4408', '4409', '4701', '4803', '4804', '4904', '4905', '4908']",[]
506,"['8319', '512', '601', '602', '505', '508', '501', '502', '603', '507', '509', '511', '604', '625']",[]
507,"['8319', '512', '505', '508', '510', '514', '603', '513', '506', '509', '511', '624', '626', '604', '625']",[]
509,"['8437', '512', '505', '508', '510', '514', '506', '507', '511']",[]
511,"['8437', '8319', '512', '505', '508', '510', '514', '513', '506', '507', '509', '626', '625']",[]
818,"['8391', '8422', '8423', '8383', '811', '803', '804', '810', '2435', '819', '816', '817', '2801', '2819']",['8330']
901,['902'],[]
902,"['901', '903', '1002', '1003', '1004']",[]
903,"['8104', '902', '1002', '1003', '1004']","['8344', '8363', '8364', '8365', '6713', '1612', '2609', '2909', '6121']"
1001,"['1002', '1102', '1006', '1101', '1003', '1103', '1104', '1201']",[]
2602,"['8421', '8368', '2315', '2603', '2601', '2607', '2705', '2605', '2606', '2604', '2608']",[]
1002,"['902', '903', '1001', '1102', '1006', '1101', '1003', '1103', '1201']",[]
2601,"['8421', '8368', '2315', '2603', '2602', '2607', '2705', '2606', '2608', '2714']",[]
624,"['8319', '615', '512', '603', '513', '507', '628', '629', '622', '626', '627', '612', '604', '623', '625']",[]
4913,"['5301', '4909.01', '4914', '5302', '4912', '4910', '4911']","['4308', '2604', '6117']"
7204,"['7401', '7205', '7206', '7203']",[]
5304,"['5305.03', '5305.01', '5302', '8214.02', '7505', '5303']",['6720']
634,"['701.02', '633.01', '701.01', '633.02', '619.01', '701.03', '619.02', '629', '630', '631', '632', '620', '621', '703', '702', '704']",[]
7506,"['5302', '7501', '7505', '7502', '4912', '4911', '5303']",[]
401,"['208.01', '402.01', '402.02', '208.02', '209.02', '209.01', '404.01', '404.02', '302', '303', '304', '305', '309', '310']",[]
406,"['402.01', '404.01', '404.02', '8308', '408', '501', '502', '503', '407', '409']",[]
407,"['402.01', '404.01', '1606.01', '1408', '403', '408', '502', '503', '406', '409', '1401']",[]
409,"['402.01', '404.01', '404.02', '8308', '602', '319', '408', '501', '502', '503', '406', '407']",[]
9800,['7706.02'],[]
816,"['8391', '812.01', '812.02', '814.01', '814.03', '813', '811', '810', '3201', '815', '818', '817']",['633.01']
817,"['8391', '812.01', '8383', '811', '810', '3201', '815', '818', '816', '2801']","['8391', '814.01', '3201', '2801']"
2513,"['2512', '2506', '2507', '2514', '2515']",['2429']
2514,"['2512', '2520', '2513', '2515', '2519']",[]
2515,"['2512', '2511', '2520', '2513', '2514', '2519', '2516', '2518']",[]
2519,"['2521.01', '2521.02', '2522.01', '2520', '2514', '2515', '2516', '2518']",[]
2607,"['8430', '8368', '2603', '2602', '2601', '2610', '2609', '2705', '2605', '2606', '2604', '2608']",[]
6009,"['8402', '8432', '8398', '8401', '8399', '8397', '8404', '8400', '6004', '5907', '6006', '6007']",[]
6112,"['8426', '6114', '6103', '6110', '6104', '6111', '6113', '6117', '6118', '6119', '6120']",[]
628,"['8319', '615', '624', '629', '630', '622', '626', '627', '621', '623', '625', '707', '706', '703', '704', '705']",[]
629,"['8320', '615', '624', '634', '628', '630', '631', '622', '627', '620', '621', '623', '706', '703', '702', '704', '705']",[]
630,"['701.02', '633.01', '619.01', '8320', '634', '628', '629', '631', '632', '622', '620', '621', '623', '703', '702', '704', '705']",[]
631,"['701.02', '633.01', '701.01', '633.02', '619.01', '619.02', '634', '629', '630', '632', '622', '620', '621', '703', '702']",[]
632,"['701.02', '633.01', '633.03', '701.01', '633.02', '619.01', '619.02', '634', '630', '631', '620', '621', '702']",[]
1102,"['1105.01', '1105.02', '1001', '1002', '1006', '1101', '1003', '1103', '1104']",[]
2516,"['2512', '2510', '2511', '2515', '2519', '2517', '2518']",['105.02']
2517,"['8421', '2510', '2511', '2603', '2516', '2518', '2604']",['8349']
2518,"['2521.02', '2522.02', '8421', '2522.01', '2603', '2515', '2519', '2516', '2517', '2605', '2606', '2604']",[]
5703,"['8352', '5604', '5701', '5601', '5702', '5602', '5603', '5705', '5704', '6201', '6202']",[]
5704,"['8428', '5701', '5702', '5705', '5804', '5703', '6303', '6201', '6202']",[]
1006,"['1001', '1002', '1102', '1007', '1003', '1004', '1005', '1103']",[]
622,"['8320', '611', '618', '8319', '615', '624', '628', '629', '630', '631', '627', '612', '610', '620', '621', '623']",[]
1007,"['1505.01', '1006', '1005', '1103']",[]
2610,"['8387', '8314', '2522.02', '8430', '2607', '2609', '2605', '2606', '2608', '2909']",[]
626,"['8319', '512', '514', '513', '507', '511', '624', '628', '627', '623', '625', '707', '706', '705']",[]
1101,"['1105.01', '1105.02', '1001', '1002', '1102', '1204', '1103', '1104', '1201', '1202']",[]
2609,"['8387', '8430', '2715', '2607', '2610', '2705', '2606', '2608', '2909', '2714']","['8344', '8363', '8364', '8365', '6713', '1612', '903', '2909', '6121']"
2705,"['8387', '8373', '8369', '8371', '8430', '2715', '8368', '2602', '2601', '2607', '2609', '2608', '2712', '2713', '2912', '2714']",[]
5201,"['8339', '4805', '4601', '4610', '5101', '5202', '5205', '5203', '5204']",[]
6114,"['8426', '6116', '6112', '6103', '6104', '6113', '6117', '6301', '6115', '6118', '6119']",[]
6103,"['8403', '8428', '8426', '5808', '5801', '6112', '6114', '5807', '5905', '5906', '5907', '6104', '6113', '6302', '6301', '6115']",[]
6108,"['8438', '8426', '8355', '8356', '6110']",[]
6110,"['8438', '8426', '6112', '6108', '6111', '6121', '6119', '6120']",[]
627,"['8319', '615', '512', '513', '624', '628', '629', '622', '626', '623', '625', '707', '706', '704', '705']",[]
1203,"['1204', '1301', '1302', '1202']",[]
2718,"['8433', '8386', '8373', '8374', '8370', '8430', '8431', '2712', '2827', '2713']","['510', '2916']"
5204,"['5202', '5205', '5203', '5206', '5201']",[]
2605,"['8314', '2522.02', '8430', '2603', '2602', '2607', '2518', '2610', '2606', '2604']",['3017.02']
2606,"['8314', '2522.02', '8430', '2603', '2602', '2601', '2607', '2518', '2610', '2609', '2605', '2604', '2608']",['7106']
5807,"['8403', '8428', '5805.02', '5805.01', '5808', '5801', '5802', '5806', '6103', '5905', '6115']",[]
612,"['8321', '8320', '611', '8319', '8307', '615', '601', '321', '603', '624', '622', '604', '605', '610', '623']",[]
5905,"['8403', '8404', '5801', '6103', '5807', '5906', '5907']",[]
5906,"['8403', '8426', '8404', '6103', '5905', '5907']",['1505.02']
5907,"['8403', '8426', '8399', '8397', '8404', '6009', '6103', '5905', '5906', '6007']",[]
6006,"['8402', '8432', '8398', '8397', '3105', '3106', '6004', '6009', '6007']",['4409']
6007,"['8402', '8432', '8397', '8404', '6009', '5907', '6006']",[]
604,"['8320', '611', '8319', '8307', '615', '601', '602', '501', '603', '506', '507', '624', '612', '605', '623', '625']",['207.01']
605,"['8321', '8320', '611', '8319', '8307', '615', '601', '602', '321', '603', '612', '604', '610']",[]
609,"['8321', '619.01', '608', '8320', '611', '618', '619.02', '321', '314', '610', '620', '621']",[]
610,"['8321', '619.01', '608', '8320', '611', '618', '8307', '615', '321', '314', '622', '612', '605', '609', '620', '621']",[]
620,"['633.01', '633.02', '619.01', '8320', '618', '619.02', '634', '629', '630', '631', '632', '622', '609', '610', '621']",[]
621,"['619.01', '8320', '611', '618', '615', '634', '628', '629', '630', '631', '632', '622', '609', '610', '620', '623']",[]
2604,"['2522.02', '8421', '2603', '2602', '2607', '2517', '2518', '2605', '2606']","['4308', '4913', '6117']"
2608,"['8430', '2715', '8368', '2603', '2602', '2601', '2607', '2610', '2609', '2705', '2606', '2714']",[]
6308,"['8350', '8351', '6603.02', '6604', '6303', '6304', '6305', '6309']",[]
1003,"['8104', '902', '903', '1001', '1002', '1102', '1006', '1004', '1005', '1103']",[]
1004,"['8104', '902', '903', '1006', '1003', '1005']",[]
1005,"['7608.03', '7608.01', '7709.02', '8104', '1006', '1007', '1003', '1004']",[]
2831,"['8382', '8333', '8329', '8381', '8331', '8429', '2832', '2838']",[]
2712,"['8386', '8373', '8374', '8369', '8371', '8370', '8430', '2715', '8368', '2705', '2718', '2713', '2714']",[]
6104,"['8426', '6112', '6114', '6103', '6111', '6113', '6115']",[]
6111,"['8426', '6112', '6110', '6104', '6113', '6121', '6118', '6119', '6120']",['6805']
6113,"['8426', '6116', '6112', '6114', '6103', '6104', '6111', '6117', '6115', '6118', '6119']",[]
623,"['8320', '611', '8319', '615', '624', '628', '629', '630', '622', '626', '627', '612', '604', '621', '625']",[]
625,"['8319', '615', '512', '508', '514', '603', '513', '506', '507', '511', '624', '628', '626', '627', '604', '623']",[]
707,"['8437', '8322', '8323', '8325', '8309', '2216', '514', '513', '628', '626', '627', '706', '705']",[]
711,"['716', '8326', '701.03', '8325', '718', '713', '703', '710', '712', '702', '704', '705']",[]
713,"['701.02', '701.01', '714', '716', '8326', '701.03', '718', '715', '717', '711', '703', '712', '702']",[]
1402,"['1407.02', '1403.01', '1407.01', '1406.02', '1403.02', '8318', '1408', '403', '1401']",[]
706,"['8323', '8325', '628', '629', '626', '627', '707', '710', '704', '705']",[]
1204,"['1105.01', '1105.02', '1502', '1601', '1101', '1203', '1302', '1404', '1201', '1202']","['5003', '5802']"
1301,"['207.02', '203.01', '206.01', '207.01', '8318', '1203', '1302', '1303']",[]
1302,"['1403.01', '1406.01', '1403.02', '8318', '1405', '1203', '1204', '1301', '1404', '1202']",[]
1401,"['1407.02', '402.01', '1407.01', '8318', '1408', '403', '407', '1402']",[]
2832,"['8382', '8333', '8329', '8331', '8429', '2831', '2838']",[]
1404,"['1403.01', '1406.01', '1406.02', '1403.02', '1105.02', '8318', '1405', '1502', '1601', '1602', '1204', '1302']",[]
2924,"['8387', '8434', '8414', '3018.02', '2925', '3006', '3007', '2909', '3005', '2912', '2922']",[]
2827,"['8382', '8433', '8386', '8374', '8370', '8380', '8429', '2718', '2828', '2809', '2808']",[]
2925,"['8387', '8434', '8414', '3018.02', '3018.01', '2924', '3006', '2909', '3005', '2922']",[]
3006,"['8434', '8408', '8414', '3018.02', '8417', '3017.01', '3017.02', '3008', '3016', '2924', '2925', '3007', '3005', '2922']",[]
3007,"['8415', '8435', '8408', '8414', '8416', '8417', '3017.01', '3017.02', '3009', '3008', '3016', '2924', '3006', '3005', '2922']",[]
2828,"['8382', '8433', '8380', '8429', '2827', '2809', '2808']",[]
2838,"['8333', '8429', '8419', '3104', '3102', '3103', '3105', '3106', '2831', '2832']",['8433']
2909,"['8387', '8314', '8430', '2610', '2609', '2924', '2925', '2922']","['107.01', '8363', '6713', '1612', '101', '903', '2609', '6121']"
2916,"['8412', '8433', '8429', '8431', '8417', '8407', '8413', '3011', '3012']","['510', '2718']"
6302,"['8428', '6116', '5808', '5804', '6103', '6301', '6303', '6304', '6305', '6115']",[]
2713,"['8386', '8373', '8369', '8371', '8370', '8430', '2715', '8368', '2705', '2718', '2712', '2714']","['8365', '2922']"
2809,"['8382', '8378', '8380', '2827', '2828', '2808']",['703']
6117,"['8351', '6705', '6704', '6702', '6703', '6116', '6112', '6114', '6113', '6301', '6115', '6118', '6119']","['8401', '4308', '4606', '4913', '2604']"
6121,"['8438', '8347', '8346', '6701', '6805', '6110', '6111', '6119', '6120']","['8344', '8363', '8364', '8365', '6713', '1612', '903', '2609', '2909']"
703,"['701.02', '633.01', '701.03', '8325', '634', '628', '629', '630', '631', '711', '713', '710', '712', '702', '704', '705']","['6408', '4108', '2809']"
3005,"['8434', '8414', '3018.02', '3017.01', '3017.02', '3018.03', '3016', '2924', '2925', '3006', '3007', '2922']",[]
2912,"['8387', '8415', '8386', '8373', '8430', '8431', '2715', '8414', '8416', '2705', '2924', '2922']",[]
6203,"['9801', '8352', '6401', '6502', '6501', '5705', '6204', '6201', '6202']",[]
6204,"['6502', '6501', '6604', '6203', '6303', '6201', '6202', '6309']","['7004.01', '6714', '6904', '5803', '513']"
6301,"['8428', '8351', '6705', '6704', '6116', '5808', '6114', '6103', '6302', '6117', '6305', '6115']",[]
6303,"['8428', '5701', '5804', '5704', '6308', '6302', '6204', '6304', '6201', '6309']",[]
6304,"['8428', '8351', '6308', '6302', '6303', '6305', '6309']",[]
6305,"['8428', '8351', '6116', '6308', '6302', '6301', '6304', '6115']",[]
1103,"['1504.01', '1505.01', '1001', '1002', '1102', '1006', '1007', '1101', '1003', '1104']",[]
1104,"['1504.01', '1505.01', '1105.01', '1105.02', '1503', '1001', '1102', '1101', '1103']",[]
2801,"['8330', '8331', '8391', '8423', '2435', '818', '817', '2819']","['8330', '8391', '3201', '817', '2819']"
1201,"['1001', '1002', '1101', '1204', '1202']",[]
2808,"['8382', '8378', '8374', '8371', '8370', '8380', '2827', '2828', '2809']",[]
1202,"['1105.01', '1101', '1203', '1204', '1302', '1201']",[]
2714,"['8373', '8369', '8430', '2715', '8368', '2601', '2609', '2705', '2608', '2712', '2713']",[]
710,"['8423', '8326', '8325', '718', '711', '706', '703', '712', '702', '704', '705']",[]
2819,"['8390', '8330', '8333', '8331', '8391', '8419', '818', '2801']","['8330', '8391', '2801']"
5501,"['8388', '5205', '5502', '5206']",[]
712,"['701.02', '701.01', '714', '716', '8326', '701.03', '718', '715', '717', '711', '713', '703', '710', '702', '704']",[]
6115,"['8428', '6116', '5808', '6114', '6103', '5807', '6104', '6113', '6302', '6117', '6301', '6305', '6118']",['4606']
6118,"['6705', '6701', '6704', '6702', '6703', '6116', '6112', '6114', '6111', '6113', '6117', '6115', '6119']",[]
6119,"['8347', '6701', '6704', '6702', '6703', '6805', '6112', '6114', '6110', '6111', '6113', '6117', '6121', '6118', '6120']",[]
6120,"['8438', '8347', '6701', '6702', '6805', '6112', '6110', '6111', '6121', '6119']","['6709', '6704', '6909', '7101', '4906']"
6201,"['8428', '5701', '5705', '5804', '5703', '5704', '6203', '6204', '6303', '6202', '6309']",['6408']
6202,"['9801', '8352', '5604', '5705', '5703', '5704', '6203', '6204', '6201']",[]
702,"['701.02', '633.01', '701.01', '633.02', '714', '701.03', '634', '629', '630', '631', '632', '711', '713', '703', '710', '712', '704']",[]
704,"['8325', '634', '628', '629', '630', '627', '711', '706', '703', '710', '712', '702', '705']",[]
705,"['8325', '628', '629', '630', '626', '627', '707', '711', '706', '703', '710', '704']",[]
1303,"['207.02', '207.01', '8318', '403', '1301']",[]
2922,"['8387', '8415', '8434', '8431', '8414', '8416', '8417', '3008', '2924', '2925', '3006', '3007', '2909', '3005', '2912']","['8344', '2209.01', '1406.02', '8364', '8365', '3817', '7115', '2713']"
6309,"['6603.02', '6501', '6604', '6308', '6204', '6303', '6304', '6201']",[]
